# 1-Name,2-Residue-index,3-Position,4-Atom-Index,5-Atom-type,6-X,7-Y,8-Z,9-PKA,10-SASA,11-Charge,12-dG_Energy,13-Total_dG=-100.08542993310915
N_T,1,1,1,N,26.373999,47.508003,49.380997,7.7,0.638328,0,0.4653819435870715
ARG,3,2,30,NH2,33.256,47.168003,53.736,12.0,0.612738,0,0.15607420640861275
LYS,8,3,68,NZ,35.739,49.823997,40.148003,10.6,0.58368194,0,-2.244286034116498
GLU,11,4,93,OE2,26.544,47.606003,38.084,4.5,0.57976115,-1,-6.501541477697179
HIS,16,5,129,NE2,24.140999,53.766,30.889,6.3,0.64447236,0,-0.016168025069966
ARG,18,6,148,NH2,36.016,48.078,27.033998,12.0,0.59666896,0,-5.512356987657002
GLU,20,7,165,OE2,35.321,49.416,21.696999,4.5,0.5883693,-1,-1.8966497051129383
ASP,22,8,180,OD2,35.386,46.618,32.377,4.0,0.6211732,-1,-1.4606781893449923
ASP,31,9,253,OD2,43.002,36.137,36.471,4.0,0.6309007,-1,1.0948420877167702
GLU,32,10,262,OE2,37.241,39.853,42.097,4.5,0.57227385,-1,1.8550210974264736
LYS,36,11,296,NZ,39.038998,25.592001,43.969,10.6,0.5734711,0,-1.8926384916697434
ASP,37,12,304,OD2,39.607998,36.757,44.614,4.0,0.5979949,-1,1.9087252117196207
LYS,41,13,334,NZ,23.369,29.047,46.616997,10.6,0.5536822,0,-0.8067421117140015
LYS,48,14,385,NZ,20.434,30.828,39.091,10.6,0.55362445,0,-0.5303050656656001
LYS,49,15,394,NZ,20.372,39.381,44.036003,10.6,0.59857494,0,1.3836890102594626
LYS,50,16,403,NZ,24.636,45.281,38.025,10.6,0.57439786,0,-3.9409012193415465
HIS,57,17,457,NE2,23.108002,49.013,22.823,6.3,0.5908041,0,-0.12063133764381322
GLU,67,18,533,OE2,31.463001,33.032997,23.326,4.5,0.59057605,-1,-4.387524511926705
LYS,71,19,563,NZ,36.403,31.479,24.133,10.6,0.5680727,0,-6.143597195967922
HIS,78,20,610,NE2,32.68,24.504002,31.705,6.3,0.57294273,0,-0.026644127846890325
GLU,79,21,619,OE2,30.39,20.029,39.849,4.5,0.63990015,-1,-1.9434418002321698
GLU,80,22,628,OE2,25.73,26.646,41.689,4.5,0.57683516,-1,-3.629617637943915
LYS,84,23,662,NZ,18.528,21.007,38.975998,10.6,0.5683936,0,-4.741904068585913
GLU,85,24,671,OE2,17.111,23.859999,40.279003,4.5,0.55452025,-1,-5.282269251477069
GLU,88,25,694,OE2,11.469001,22.727001,32.151,4.5,0.5862407,-1,-1.0316779139143237
GLU,95,26,753,OE2,8.972,29.71,24.027,4.5,0.6070062,-1,-4.632824786227354
HIS,99,27,783,NE2,16.08,44.25,27.166,6.3,0.58241534,0,0.026827763172998877
GLU,100,28,792,OE2,14.428,38.521,18.409,4.5,0.59254116,-1,-3.421203774399815
ARG,103,29,818,NH2,12.234,37.527,22.376999,12.0,0.56175786,0,-3.0340461873882196
LYS,105,30,836,NZ,28.476,35.521,22.442,10.6,0.57232636,0,-6.542946923689028
GLU,108,31,861,OE2,26.721,34.36,19.02,4.5,0.5873188,-1,-3.0376581504109037
ARG,118,32,950,NH2,28.115002,15.457,16.842999,12.0,0.60016555,0,0.6052326565872301
ASP,121,33,970,OD2,28.913,8.971,30.789001,4.0,0.66294235,-1,-1.7271144904108588
LYS,122,34,979,NZ,31.778,15.0390005,34.925,10.6,0.601131,0,-2.000644192960816
LYS,127,35,1022,NZ,20.697998,14.214,22.868,10.6,0.5709133,0,-2.568676720756756
ASP,128,36,1030,OD2,17.522,15.985001,24.48,4.0,0.5724224,-1,-4.599217185703632
LYS,134,37,1077,NZ,18.563,23.493,13.648,10.6,0.57504964,0,-0.43724447194779287
LYS,136,38,1091,NZ,9.028,25.648998,23.201,10.6,0.5523776,0,-3.0067169749255296
HIS,138,39,1105,NE2,11.66,30.325,20.869999,6.3,0.62691724,0,-0.12052212729476511
GLU,142,40,1139,OE2,24.937,28.229,8.941,4.5,0.6653876,-1,-1.8999654275967697
ARG,144,41,1158,NH2,37.005,29.187,15.549999,12.0,0.5854651,0,-2.8602272386781773
GLU,145,42,1167,OE2,35.272,26.994,16.639,4.5,0.6509528,-1,-6.5542489803534085
ASP,153,43,1206,OD2,38.37,33.35,25.595,4.0,0.5886148,-1,-5.319067209871407
ASP,160,44,1260,OD2,61.503,27.839,15.059,4.0,0.618872,-1,-4.2618516729935205
HIS,165,45,1292,NE2,49.526,27.302,9.339,6.3,0.62573016,0,0.0009342894475384157
ARG,166,46,1303,NH2,45.721,35.126,3.8170002,12.0,0.6162807,0,0.9771008609374624
ARG,168,47,1320,NH2,55.089,24.046,5.0559998,12.0,0.580244,0,1.7828973608469663
GLU,170,48,1336,OE2,63.749,25.75,1.165,4.5,0.6117403,-1,1.2960068151260136
ARG,176,49,1391,NH2,63.138,41.248,13.868,12.0,0.6033758,0,2.8704427033472792
LYS,177,50,1400,NZ,63.365,30.076,12.002,10.6,0.6009466,0,-0.7431996164325798
HIS,178,51,1410,NE2,60.252,39.064,11.177,6.3,0.57612395,0,0.0
HIS,179,52,1420,NE2,57.513,30.978,17.421,6.3,0.5459674,0,0.03144588078637188
ARG,181,53,1437,NH2,55.871002,39.600998,19.589,12.0,0.5818271,0,3.5756188790561074
LYS,194,54,1528,NZ,46.22,41.912,6.059,10.6,0.5972345,0,-0.07339167662674172
LYS,200,55,1574,NZ,37.374,39.341,21.115,10.6,0.5523824,0,-2.8759148271434802
GLU,204,56,1607,OE2,41.673004,44.421,26.814999,4.5,0.5907856,-1,-1.2398035507202816
LYS,205,57,1616,NZ,53.088997,46.161,22.379,10.6,0.5757697,0,1.0277429601125083
GLU,206,58,1625,OE2,47.332,48.741997,16.165,4.5,0.644777,-1,-2.653629361852529
ARG,208,59,1643,NH2,57.383,41.931,13.666,12.0,0.5746768,0,4.171378153911286
ASP,211,60,1664,OD2,49.246002,38.732,4.845,4.0,0.6245453,-1,-6.912647333269399
ARG,219,61,1723,NH2,36.893,32.819,9.253,12.0,0.611768,0,1.0716625674693272
C_T,220,62,1728,OXT,33.332,38.915,15.4869995,3.6,0.86037743,-1,-1.754116346446306
