# 1-Name,2-Residue-index,3-Position,4-Atom-Index,5-Atom-type,6-X,7-Y,8-Z,9-PKA,10-SASA,11-Charge,12-dG_Energy,13-Total_dG=-32.7919903880498
LYS,1,1,9,NZ,15.104,30.745,16.69,10.6,0.6057682,0,-7.296222356389139
LYS,5,2,45,NZ,19.349998,26.576,0.49800003,10.6,0.6044868,0,-2.8021507639149297
GLU,7,3,60,OE2,15.945999,30.179998,12.884999,4.5,0.5712607,-1,-0.8587074904762539
ASP,14,4,119,OD2,31.872002,19.836,14.344,4.0,0.6848081,-1,1.413646225897384
ASP,16,5,135,OD2,30.599,17.984999,6.023,4.0,0.61401767,-1,2.145746139196455
ARG,20,6,166,NH2,30.122002,3.408,2.371,12.0,0.61634785,0,-1.519196875488798
GLU,25,7,203,OE2,22.862,11.124001,0.855,4.5,0.5757211,-1,-4.096639470596123
HIS,32,8,261,NE2,12.518,17.148,-0.584,6.3,0.63553447,0,-0.2945207663551247
ASP,37,9,298,OD2,5.776,24.116001,12.344,4.0,0.60437065,-1,2.0110760107838974
GLU,43,10,343,OE2,-3.274,9.247,15.023001,4.5,0.5985761,-1,2.08432065720298
ASP,45,11,359,OD2,0.587,2.617,13.538,4.0,0.6862869,-1,2.353235014575156
GLU,46,12,368,OE2,-3.54,1.224,18.134,4.5,0.596833,-1,1.9452860473986768
GLU,49,13,390,OE2,6.66,9.35,11.445,4.5,0.61797214,-1,1.363411834404224
LYS,62,14,498,NZ,10.368,8.187,29.671,10.6,0.5376316,0,-3.941303381450949
ARG,70,15,558,NH2,11.328,-5.902,21.227,12.0,0.5774278,0,-0.2500480317905956
ASP,74,16,588,OD2,14.857,6.05,29.512999,4.0,0.633621,-1,-2.7018939557130364
ASP,78,17,617,OD2,7.9839997,17.921999,27.395,4.0,0.62999064,-1,1.0246366111946814
LYS,79,18,626,NZ,13.363,18.744,28.850998,10.6,0.5609263,0,-8.18407257050928
ASP,82,19,653,OD2,12.2039995,21.046,25.301,4.0,0.5723198,-1,0.9332771906344055
ASP,83,20,661,OD2,12.862999,27.622002,22.980999,4.0,0.7114315,-1,2.0891476456556113
ASP,84,21,669,OD2,18.534,22.914,22.744,4.0,0.61685973,-1,2.4485120358450794
ASP,87,22,692,OD2,15.424,17.598999,25.153,4.0,0.5474135,-1,1.099931073792017
ASP,88,23,700,OD2,13.451,17.697,18.658,4.0,0.5581808,-1,1.0426037596500564
LYS,93,24,736,NZ,25.880001,14.849,18.618,10.6,0.57938194,0,-4.39339501056037
LYS,94,25,745,NZ,20.373001,5.128,23.756,10.6,0.59420544,0,-2.026089512550314
ASP,97,26,769,OD2,25.539999,6.602,15.6449995,4.0,0.61793005,-1,-1.05044477450221
LYS,99,27,786,NZ,14.431,2.431,12.486,10.6,0.56233823,0,-1.8433338563436605
ASP,102,28,806,OD2,18.574999,3.7610002,3.5080001,4.0,0.6427809,-1,-2.5055708234261327
HIS,107,29,855,NE2,20.274,10.655001,1.9589999,6.3,0.55507624,0,-7.708471227181397
LYS,108,30,864,NZ,12.707,3.471,3.1439998,10.6,0.58407164,0,-2.4103237542209985
GLU,113,31,899,OE2,18.446,11.403,-9.239,4.5,0.6312424,-1,-0.5595394631488287
LYS,114,32,908,NZ,15.417,19.784,-8.629,10.6,0.56132054,0,-1.3005532078856326
GLU,116,33,925,OE2,24.977,24.227,-6.247,4.5,0.626578,-1,-0.1340055523593432
GLU,121,34,971,OE2,27.907,26.649,5.492,4.5,0.636419,-1,1.5021409661528191
LYS,122,35,980,NZ,29.078,39.07,4.973,10.6,0.64839286,0,-0.37247875557012927
