# 1-Name,2-Residue-index,3-Position,4-Atom-Index,5-Atom-type,6-X,7-Y,8-Z,9-PKA,10-SASA,11-Charge,12-dG_Energy,13-Total_dG=-21.13904981129508
GLU,1,1,9,OE2,34.675,97.658005,-4.004,4.5,0.701252,-1,0.5289007117485015
LYS,5,2,42,NZ,23.241999,98.79401,8.372,10.6,0.6021457,0,-0.8541676476854104
GLU,7,3,57,OE2,29.644001,96.590996,-1.8449999,4.5,0.5993582,-1,1.1699934974251966
ARG,10,4,86,NH2,24.928,88.638,-1.8019999,12.0,0.59488714,0,-1.5157182331092847
GLU,11,5,95,OE2,34.203,90.465004,0.504,4.5,0.59188575,-1,1.8616458890254932
LYS,13,6,112,NZ,26.056002,80.910995,4.975,10.6,0.5962295,0,0.1400270969224276
ASP,14,7,120,OD2,34.348,81.4,5.391,4.0,0.6729533,-1,-1.8776210216616183
LYS,16,8,137,NZ,24.066,83.99901,12.255,10.6,0.5791576,0,0.5193649838212474
GLU,25,9,198,OE2,31.604,92.084,20.287,4.5,0.5552717,-1,-6.325916943579503
HIS,32,10,260,NE2,33.022,104.435,14.021999,6.3,0.6589821,0,-0.028834769078683542
ASP,37,11,297,OD2,40.151,102.502,0.41799998,4.0,0.6388439,-1,2.500120528911859
ASP,46,12,366,OD2,57.454,100.936005,14.545,4.0,0.65348727,-1,-2.931566697703023
GLU,49,13,388,OE2,46.949,100.19,11.343,4.5,0.6319496,-1,1.444452754193387
LYS,58,14,465,NZ,56.742,98.156006,15.469,10.6,0.5900872,0,-5.917480373760311
LYS,62,15,502,NZ,58.933,85.332,2.231,10.6,0.60735315,0,-1.9395305871511619
ASP,63,16,510,OD2,55.306,95.798996,4.469,4.0,0.5938907,-1,2.6462017328721528
ASP,64,17,518,OD2,57.768997,94.783005,-1.4569999,4.0,0.6714552,-1,2.2799701733472113
HIS,68,18,552,NE2,66.712,90.499,8.165,6.3,0.6383505,0,-0.041326998592351394
ASP,78,19,622,OD2,51.029,90.108,-2.758,4.0,0.639179,-1,1.5708417219737512
LYS,79,20,631,NZ,48.491,85.614006,-4.033,10.6,0.5954165,0,-6.632185397702162
ASP,82,21,658,OD2,44.254997,88.852,-3.1069999,4.0,0.58846265,-1,0.5290840865696805
ASP,83,22,666,OD2,38.321,92.94501,-6.4069996,4.0,0.6596445,-1,2.417954659308071
ASP,84,23,674,OD2,40.844997,84.733,-1.771,4.0,0.6382531,-1,2.2139288557599026
ASP,87,24,697,OD2,45.102,85.840996,0.601,4.0,0.58378005,-1,1.9759437009152137
ASP,88,25,705,OD2,42.603996,90.871,3.685,4.0,0.5808381,-1,1.0567956685049438
LYS,93,26,743,NZ,36.997,80.416,10.488,10.6,0.5944628,0,-2.432539763515004
LYS,94,27,752,NZ,46.429,80.281,10.276999,10.6,0.59486973,0,-1.418516143139337
ASP,97,28,776,OD2,42.892998,80.673996,16.407,4.0,0.63861376,-1,-3.1883278623936255
LYS,98,29,785,NZ,50.032,81.487,17.75,10.6,0.6118646,0,-0.617810286680116
HIS,107,30,861,NE2,33.769,93.62,20.264,6.3,0.585349,0,-6.051382550341566
LYS,108,31,870,NZ,39.684,99.483,28.057001,10.6,0.6012432,0,-0.29483033706085066
GLU,113,32,904,OE2,27.797,100.05,27.037,4.5,0.6281382,-1,-0.7694093824424418
LYS,114,33,913,NZ,26.13,105.233,20.316,10.6,0.5869982,0,-0.5320140785573526
ASP,116,34,929,OD2,19.184,95.803,18.455,4.0,0.67189765,-1,-0.6250967984403182
