# 1-Name,2-Residue-index,3-Position,4-Atom-Index,5-Atom-type,6-X,7-Y,8-Z,9-PKA,10-SASA,11-Charge,12-dG_Energy,13-Total_dG=-87.04271296295265
N_T,7,1,1,N,1.077,-0.506,-8.638,7.7,0.72661877,0,0.37342941156497345
HIS,8,2,18,NE2,6.3999996,-6.6860003,-8.498,6.3,0.6395338,0,-0.48014650601219355
LYS,9,3,27,NZ,-0.47100002,-4.2070003,0.622,10.6,0.5834772,0,-1.5269200002624654
GLU,10,4,36,OE2,9.191,-5.708,-6.6549997,4.5,0.56231415,-1,-6.445706469345499
LYS,16,5,84,NZ,20.230999,-4.2860003,15.880001,10.6,0.5969998,0,0.16131227882994242
ASP,19,6,105,OD2,17.588001,7.646,10.721999,4.0,0.5612635,-1,1.1550472241554113
ASP,21,7,117,OD2,13.772,9.472,7.113,4.0,0.5879103,-1,-1.0278706349163005
LYS,24,8,140,NZ,22.902,-2.7289999,4.1819997,10.6,0.567908,0,0.01523731142201162
LYS,28,9,177,NZ,13.858,-7.528,-8.349,10.6,0.5858876,0,-0.22629808830741646
ARG,35,10,234,NH2,14.341001,10.764,4.033,12.0,0.58575535,0,-6.659700376526515
ASP,40,11,273,OD2,13.452999,15.2369995,6.643,4.0,0.60531896,-1,-0.3188061782361255
GLU,43,12,296,OE2,18.414,12.323,8.758,4.5,0.58323765,-1,0.9219744519590182
GLU,52,13,324,OE2,17.846,17.372,12.272,4.5,0.62367207,-1,0.9877192204502694
LYS,53,14,333,NZ,10.34,20.086,21.921999,10.6,0.5792898,0,-0.43941352834541325
GLU,57,15,365,OE2,10.43,10.879001,22.497002,4.5,0.59592193,-1,-0.4847212375715215
LYS,63,16,408,NZ,15.587999,-2.743,18.349,10.6,0.5657875,0,-3.589360854146877
LYS,64,17,422,NZ,3.9160001,-2.267,20.844,10.6,0.575454,0,-0.02821507508734152
GLU,67,18,447,OE2,14.516,-4.519,16.549,4.5,0.58367705,-1,-7.28524313948784
LYS,70,19,469,NZ,1.576,-13.908,8.229,10.6,0.585249,0,0.21927282269131995
LYS,71,20,478,NZ,1.332,-11.771999,2.5839999,10.6,0.5960651,0,-0.7226878745409109
GLU,73,21,495,OE2,3.0379999,-8.533,0.35300002,4.5,0.5789115,-1,-5.404602872441466
GLU,75,22,511,OE2,2.004,-1.311,-3.412,4.5,0.5871704,-1,-5.581074834738569
ASP,77,23,530,OD2,5.597,6.018,-5.9680004,4.0,0.5641697,-1,-3.6037330297071906
LYS,78,24,539,NZ,1.3050001,3.5730002,-10.864,10.6,0.62257934,0,0.09450943337881904
ARG,81,25,563,NH2,9.594,-2.359,-10.223,12.0,0.5888018,0,-0.2527668729357453
ASP,83,26,582,OD2,19.067,7.156,-0.952,4.0,0.5746926,-1,-7.336707678317918
LYS,84,27,591,NZ,22.664001,13.836,-3.0419998,10.6,0.57360804,0,-0.14526959060016426
ARG,87,28,618,NH2,18.767,8.403,1.39,12.0,0.5598931,0,-5.406962239736216
ASP,95,29,680,OD2,2.492,-8.643,11.233,4.0,0.5930832,-1,-3.8963241356960725
LYS,97,30,693,NZ,-3.376,-3.362,11.05,10.6,0.6099152,0,0.08947278843245572
GLU,101,31,725,OE2,-2.916,5.9570003,5.073,4.5,0.57418823,-1,-3.505428024157243
ARG,105,32,756,NH2,-5.9570003,10.0,12.986,12.0,0.5891621,0,-3.5486732958738445
LYS,110,33,791,NZ,9.309,20.102999,9.677,10.6,0.5996909,0,-1.9498181424627992
LYS,116,34,843,NZ,12.946,14.594999,-14.216,10.6,0.627835,0,0.18334481988466894
HIS,121,35,880,NE2,1.319,2.7680001,-2.526,6.3,0.59981763,0,-2.3954591639007212
GLU,122,36,889,OE2,2.684,15.806,-3.277,4.5,0.5914783,-1,-5.343959830342021
ARG,126,37,925,NH2,4.159,17.285,-1.046,12.0,0.56566674,0,-4.96678571707056
LYS,127,38,934,NZ,-9.404,12.029,3.467,10.6,0.5760866,0,0.7891844259745183
GLU,129,39,948,OE2,3.827,16.210001,6.429,4.5,0.5791295,-1,-4.105450279941612
LYS,133,40,976,NZ,1.5469999,20.84,8.087999,10.6,0.5828788,0,-0.2718908475005399
LYS,134,41,985,NZ,-7.421,16.774,9.064,10.6,0.6054039,0,1.2530853763679108
GLU,135,42,994,OE2,-6.594,12.186001,14.569,4.5,0.60709524,-1,-6.865517825343111
LYS,136,43,1003,NZ,-3.948,22.714,16.868,10.6,0.59013784,0,0.5292118154882389
