# 1-Name,2-Residue-index,3-Position,4-Atom-Index,5-Atom-type,6-X,7-Y,8-Z,9-PKA,10-SASA,11-Charge,12-dG_Energy,13-Total_dG=-100.07954692404316
N_T,1,1,1,N,26.373999,47.508003,49.380997,7.7,0.638328,0,0.4726651072358581
ARG,3,2,30,NH2,33.256,47.168003,53.736,12.0,0.612738,0,0.14985935450541057
LYS,8,3,68,NZ,35.739,49.823997,40.148003,10.6,0.58368194,0,-2.2815831989179576
GLU,11,4,93,OE2,26.544,47.606003,38.084,4.5,0.57976115,-1,-6.49559467254259
HIS,16,5,129,NE2,24.140999,53.766,30.889,6.3,0.64447236,0,-0.019887981328107922
ARG,18,6,148,NH2,36.016,48.078,27.033998,12.0,0.59666896,0,-5.559401782540288
GLU,20,7,165,OE2,35.321,49.416,21.696999,4.5,0.5883693,-1,-1.8646129241138394
ASP,22,8,180,OD2,35.386,46.618,32.377,4.0,0.6211732,-1,-1.4253743814566
ASP,31,9,253,OD2,43.002,36.137,36.471,4.0,0.6309007,-1,1.1519653555883729
GLU,32,10,262,OE2,37.241,39.853,42.097,4.5,0.57227385,-1,1.943259870263923
LYS,36,11,296,NZ,39.038998,25.592001,43.969,10.6,0.5734711,0,-1.932024625871439
ASP,37,12,304,OD2,39.607998,36.757,44.614,4.0,0.5979949,-1,2.0134171028123364
LYS,41,13,334,NZ,23.369,29.047,46.616997,10.6,0.5536822,0,-0.8305221114907384
LYS,48,14,385,NZ,20.434,30.828,39.091,10.6,0.55362445,0,-0.5624145551522791
LYS,49,15,394,NZ,20.372,39.381,44.036003,10.6,0.59857494,0,1.3683704062651671
LYS,50,16,403,NZ,24.636,45.281,38.025,10.6,0.57439786,0,-3.976300109794773
HIS,57,17,457,NE2,23.108002,49.013,22.823,6.3,0.5908041,0,-0.11200969599772363
GLU,67,18,533,OE2,31.463001,33.032997,23.326,4.5,0.59057605,-1,-4.353875788297343
LYS,71,19,563,NZ,36.403,31.479,24.133,10.6,0.5680727,0,-6.198847050944705
HIS,78,20,610,NE2,32.68,24.504002,31.705,6.3,0.57294273,0,-0.034981772860313676
GLU,79,21,619,OE2,30.39,20.029,39.849,4.5,0.63990015,-1,-1.918570738077406
GLU,80,22,628,OE2,25.73,26.646,41.689,4.5,0.57683516,-1,-3.6056940976890983
LYS,84,23,662,NZ,18.528,21.007,38.975998,10.6,0.5683936,0,-4.772316015180846
GLU,85,24,671,OE2,17.111,23.859999,40.279003,4.5,0.55452025,-1,-5.274616294250644
GLU,88,25,694,OE2,11.469001,22.727001,32.151,4.5,0.5862407,-1,-1.019231199408836
GLU,95,26,753,OE2,8.972,29.71,24.027,4.5,0.6070062,-1,-4.598112283621114
HIS,99,27,783,NE2,16.08,44.25,27.166,6.3,0.58241534,0,0.02228994848552688
GLU,100,28,792,OE2,14.428,38.521,18.409,4.5,0.59254116,-1,-3.384887551927378
ARG,103,29,818,NH2,12.234,37.527,22.376999,12.0,0.56175786,0,-3.0881278821356393
LYS,105,30,836,NZ,28.476,35.521,22.442,10.6,0.57232636,0,-6.605899809710403
GLU,108,31,861,OE2,26.721,34.36,19.02,4.5,0.5873188,-1,-3.0026802180479413
ARG,118,32,950,NH2,28.115002,15.457,16.842999,12.0,0.60016555,0,0.5913867218520328
ASP,121,33,970,OD2,28.913,8.971,30.789001,4.0,0.66294235,-1,-1.7194407730920651
LYS,122,34,979,NZ,31.778,15.0390005,34.925,10.6,0.601131,0,-2.030041047569035
LYS,127,35,1022,NZ,20.697998,14.214,22.868,10.6,0.5709133,0,-2.5903271736919864
ASP,128,36,1030,OD2,17.522,15.985001,24.48,4.0,0.5724224,-1,-4.592351662747179
LYS,134,37,1077,NZ,18.563,23.493,13.648,10.6,0.57504964,0,-0.45889417660027954
LYS,136,38,1091,NZ,9.028,25.648998,23.201,10.6,0.5523776,0,-3.0473697420493253
HIS,138,39,1105,NE2,11.66,30.325,20.869999,6.3,0.62691724,0,-0.11987161848678134
GLU,142,40,1139,OE2,24.937,28.229,8.941,4.5,0.6653876,-1,-1.8871589081846198
ARG,144,41,1158,NH2,37.005,29.187,15.549999,12.0,0.5854651,0,-2.891067255163067
GLU,145,42,1167,OE2,35.272,26.994,16.639,4.5,0.6509528,-1,-6.545437606045131
ASP,153,43,1206,OD2,38.37,33.35,25.595,4.0,0.5886148,-1,-5.291010626518005
ASP,160,44,1260,OD2,61.503,27.839,15.059,4.0,0.618872,-1,-4.250940003347072
HIS,165,45,1292,NE2,49.526,27.302,9.339,6.3,0.62573016,0,0.001647450776569654
ARG,166,46,1303,NH2,45.721,35.126,3.8170002,12.0,0.6162807,0,0.9719598994063277
ARG,168,47,1320,NH2,55.089,24.046,5.0559998,12.0,0.580244,0,1.798306378890943
GLU,170,48,1336,OE2,63.749,25.75,1.165,4.5,0.6117403,-1,1.3200222232971417
ARG,176,49,1391,NH2,63.138,41.248,13.868,12.0,0.6033758,0,2.878528969664529
LYS,177,50,1400,NZ,63.365,30.076,12.002,10.6,0.6009466,0,-0.7520437715814237
HIS,178,51,1410,NE2,60.252,39.064,11.177,6.3,0.57612395,0,2.2246607617347093e-05
HIS,179,52,1420,NE2,57.513,30.978,17.421,6.3,0.5459674,0,0.0069345589732192564
ARG,181,53,1437,NH2,55.871002,39.600998,19.589,12.0,0.5818271,0,3.5787600005919415
LYS,194,54,1528,NZ,46.22,41.912,6.059,10.6,0.5972345,0,-0.08188817474658586
LYS,200,55,1574,NZ,37.374,39.341,21.115,10.6,0.5523824,0,-2.9187758488027153
GLU,204,56,1607,OE2,41.673004,44.421,26.814999,4.5,0.5907856,-1,-1.2108323447382565
LYS,205,57,1616,NZ,53.088997,46.161,22.379,10.6,0.5757697,0,1.0216334995741743
GLU,206,58,1625,OE2,47.332,48.741997,16.165,4.5,0.644777,-1,-2.648375402924948
ARG,208,59,1643,NH2,57.383,41.931,13.666,12.0,0.5746768,0,4.184518799843245
ASP,211,60,1664,OD2,49.246002,38.732,4.845,4.0,0.6245453,-1,-6.922168910302949
ARG,219,61,1723,NH2,36.893,32.819,9.253,12.0,0.611768,0,1.0569327698495534
C_T,220,62,1728,OXT,33.332,38.915,15.4869995,3.6,0.86037743,-1,-1.736465800577632
